"Status","Start Time","Stop Time","Duration in ms","Parent Suite","Suite","Sub Suite","Test Class","Test Method","Name","Description"
"failed","Fri Nov 19 21:46:24 CST 2021","Fri Nov 19 21:46:24 CST 2021","0","test3","test_b","","","","test_bat",""
"passed","Tue Nov 23 21:21:39 CST 2021","Tue Nov 23 21:21:39 CST 2021","0","test3","test_markparams","","","","test_islen1[4-2]",""
"passed","Tue Nov 23 21:21:39 CST 2021","Tue Nov 23 21:21:39 CST 2021","0","test3","test_markparams","","","","test_islen1[4-1]",""
"failed","Tue Nov 23 21:18:12 CST 2021","Tue Nov 23 21:18:12 CST 2021","1","test3","test_markparams","","","","test_islen1[4-5-6]",""
"passed","Tue Nov 23 21:02:40 CST 2021","Tue Nov 23 21:02:40 CST 2021","0","test3","test_markparams","","","","test_islen1[a]",""
"passed","Tue Nov 23 21:21:39 CST 2021","Tue Nov 23 21:21:39 CST 2021","0","test3","test_markparams","","","","test_islen1[3-2]",""
"passed","Tue Nov 23 21:21:39 CST 2021","Tue Nov 23 21:21:39 CST 2021","0","test3","test_markparams","","","","test_islen1[3-1]",""
"failed","Tue Nov 23 21:02:40 CST 2021","Tue Nov 23 21:02:40 CST 2021","1","test3","test_markparams","","","","test_islen1[bc]",""
"passed","Tue Nov 23 21:18:12 CST 2021","Tue Nov 23 21:18:12 CST 2021","0","test3","test_markparams","","","","test_islen1[1-2-3]",""
"failed","Fri Nov 19 21:36:11 CST 2021","Fri Nov 19 21:36:11 CST 2021","0","test3","test_f","","","","test_fas",""
